Elevation (m),Season,Silt,P,Mg,CEC,BS,B,Fe,Mn,Yield
568.364,Plant,85.0,4.0,7.0,84.2,59.0,0.13,18.0,15.1,110.553
569.248,Plant,96.0,4.0,5.0,62.9,60.0,0.14,15.0,16.3,118.32
570.391,Plant,101.5,4.0,4.0,60.6,43.0,0.11,19.0,13.2,120.004
569.427,Plant,113.5,6.0,3.0,66.8,37.0,0.15,24.0,10.8,113.114
570.934,Plant,125.0,5.0,4.0,72.3,41.0,0.16,20.0,9.2,117.427
570.126,Plant,121.0,11.0,4.0,66.2,42.0,0.13,34.0,15.9,118.583
568.397,Plant,76.0,15.0,10.0,96.5,56.0,0.23,63.0,14.9,133.116
570.782,Plant,82.0,9.0,10.0,80.7,58.0,0.21,25.0,17.5,121.097
569.328,Plant,105.5,4.0,7.0,72.1,57.0,0.19,17.0,19.9,118.49
570.963,Plant,97.0,5.0,7.0,64.2,52.0,0.17,20.0,23.5,113.509
569.821,Plant,83.5,4.0,4.0,62.1,32.0,0.15,20.0,24.8,116.247
571.868,Plant,111.5,7.0,7.0,64.1,47.0,0.17,18.0,30.7,113.902
572.443,Plant,101.5,8.0,6.0,64.1,41.0,0.17,20.0,28.8,118.729
573.093,Plant,93.0,7.0,6.0,66.8,43.0,0.18,24.0,23.7,115.439
573.647,Plant,93.5,29.0,5.0,63.3,40.0,0.07,22.0,10.0,116.552
573.969,Plant,93.0,7.0,8.0,74.3,49.0,0.25,25.0,18.5,113.509
574.343,Plant,111.0,6.0,8.0,73.9,48.0,0.18,25.0,16.6,119.132
574.487,Plant,77.5,12.0,9.0,79.9,69.0,0.16,20.0,21.2,113.63
574.842,Plant,59.5,13.0,7.0,74.1,58.0,0.13,28.0,12.6,117.506
575.254,Plant,67.0,6.0,6.0,57.9,52.0,0.15,20.0,24.1,113.896
575.283,Plant,83.5,8.0,7.0,67.0,54.0,0.17,25.0,24.5,110.961
575.549,Plant,101.0,8.0,5.0,54.4,49.0,0.13,24.0,14.6,111.637
575.695,Plant,118.0,7.0,5.0,61.9,39.0,0.17,27.0,13.8,112.336
575.637,Plant,120.0,7.0,4.0,51.2,40.0,0.15,19.0,9.7,112.121
577.326,Plant,61.5,17.0,6.0,70.4,51.0,0.19,23.0,10.7,96.112
576.768,Plant,56.0,8.0,5.0,67.9,50.0,0.17,24.0,11.6,122.912
575.87,Plant,70.0,21.0,9.0,80.0,52.0,0.23,57.0,24.6,126.108
575.56,Plant,102.5,9.0,7.0,69.1,39.0,0.2,20.0,15.4,121.246
575.65,Plant,85.5,6.0,8.0,65.3,53.0,0.16,30.0,20.4,114.685
575.97,Plant,104.5,5.0,8.0,70.5,51.0,0.2,21.0,16.0,117.765
576.863,Plant,92.0,7.0,6.0,66.7,43.0,0.16,24.0,21.5,111.73
577.833,Plant,110.5,9.0,9.0,66.9,54.0,0.17,24.0,16.5,119.635
577.836,Plant,92.0,9.0,6.0,55.4,44.0,0.14,18.0,15.7,113.92
577.852,Plant,118.0,9.0,8.0,69.4,56.0,0.17,21.0,14.7,115.025
578.476,Plant,100.5,6.0,6.0,55.0,50.0,0.16,16.0,12.5,108.489
578.653,Plant,89.0,12.0,6.0,58.8,48.0,0.13,23.0,17.4,104.876
579.285,Plant,91.5,9.0,6.0,61.8,60.0,0.16,27.0,21.8,107.256
579.621,Plant,60.5,9.0,4.0,52.5,47.0,0.1,25.0,14.3,111.533
579.683,Plant,81.0,5.0,4.0,45.6,45.0,0.15,18.0,13.1,100.813
578.145,Plant,98.5,9.0,5.0,58.8,53.0,0.16,26.0,15.8,105.447
579.692,Plant,107.0,10.0,6.0,60.5,49.0,0.16,25.0,19.2,110.206
578.708,Plant,108.0,12.0,8.0,64.5,61.0,0.16,26.0,25.6,101.936
579.113,Plant,132.5,8.0,5.0,54.3,43.0,0.15,22.0,16.6,103.448
579.271,Plant,122.0,7.0,5.0,57.8,52.0,0.14,22.0,18.4,109.908
582.387,Plant,63.5,11.0,5.0,61.2,50.0,0.2,29.0,10.5,116.531
581.753,Plant,76.0,11.0,7.0,73.0,62.0,0.18,21.0,14.2,117.116
580.935,Plant,83.0,12.0,4.0,62.5,45.0,0.22,25.0,15.6,112.986
580.56,Plant,79.5,8.0,5.0,67.3,49.0,0.18,27.0,12.2,110.521
580.792,Plant,83.5,10.0,7.0,61.6,50.0,0.15,19.0,11.4,108.657
581.37,Plant,101.0,8.0,7.0,69.2,60.0,0.15,15.0,14.7,103.978
581.816,Plant,100.5,9.0,9.0,71.5,61.0,0.15,25.0,20.7,104.694
582.327,Plant,112.5,9.0,10.0,75.9,67.0,0.15,22.0,18.3,105.992
582.757,Plant,103.0,9.0,7.0,61.2,55.0,0.12,22.0,14.5,112.11
583.397,Plant,118.0,7.0,8.0,54.1,63.0,0.12,15.0,9.9,110.98
583.403,Plant,118.5,7.0,7.0,62.3,55.0,0.12,22.0,19.8,112.732
583.5,Plant,102.5,10.0,9.0,74.2,58.0,0.17,28.0,28.8,114.242
583.726,Plant,83.0,8.0,6.0,50.2,55.0,0.05,16.0,13.8,117.198
584.373,Plant,75.5,11.0,7.0,65.1,53.0,0.14,27.0,22.6,117.285
584.851,Plant,92.0,10.0,6.0,56.6,51.0,0.11,25.0,22.1,113.859
584.875,Plant,107.5,10.0,8.0,65.3,53.0,0.12,23.0,26.0,113.791
584.813,Plant,116.0,9.0,4.0,55.2,38.0,0.12,23.0,20.7,117.35
584.903,Plant,126.0,10.0,5.0,54.6,37.0,0.14,26.0,23.0,112.722
584.749,Plant,107.5,11.0,6.0,64.1,47.0,0.1,25.0,15.4,111.033
583.832,Plant,113.5,12.0,6.0,61.4,55.0,0.09,23.0,21.6,120.235
585.96,Plant,63.0,7.0,6.0,57.8,52.0,0.15,18.0,12.2,110.036
585.494,Plant,81.0,10.0,6.0,53.5,58.0,0.12,14.0,9.6,110.249
585.194,Plant,76.5,22.0,4.0,53.1,48.0,0.17,19.0,11.4,106.577
585.61,Plant,78.0,13.0,7.0,60.9,54.0,0.13,28.0,17.7,108.265
585.984,Plant,99.188,14.0,9.0,66.6,58.0,0.17,19.0,13.4,104.792
586.707,Plant,98.5,10.0,10.0,76.5,64.0,0.12,18.0,17.5,102.521
587.338,Plant,110.5,8.0,3.0,55.9,45.0,0.17,21.0,13.9,104.007
587.727,Plant,142.5,9.0,11.0,76.0,67.0,0.1,25.0,21.5,102.093
588.08,Plant,141.5,11.0,11.0,75.1,63.0,0.14,22.0,19.5,112.062
588.162,Plant,126.0,10.0,9.0,66.2,62.0,0.1,20.0,15.4,108.265
588.346,Plant,106.0,21.0,9.0,79.1,65.0,0.18,19.0,20.4,109.931
588.438,Plant,72.0,7.0,6.0,60.2,54.0,0.08,19.0,22.6,109.138
588.85,Plant,113.0,7.0,6.0,60.2,49.0,0.15,21.0,19.9,100.57
589.133,Plant,121.0,8.0,9.0,76.1,64.0,0.12,20.0,24.1,98.333
589.322,Plant,133.0,11.0,9.0,79.3,65.0,0.1,20.0,29.1,104.75
589.332,Plant,128.0,7.0,19.0,168.1,82.0,0.15,22.0,32.7,107.062
589.134,Plant,142.0,12.0,10.0,79.5,57.0,0.15,25.0,34.4,111.338
588.921,Plant,139.5,15.0,14.0,87.8,72.0,0.12,19.0,24.8,104.7
588.315,Plant,119.5,7.0,9.0,71.8,61.0,0.12,19.0,24.8,104.428
589.757,Plant,100.5,8.0,7.0,60.0,58.0,0.16,16.0,5.4,108.482
589.958,Plant,101.5,14.0,10.0,62.9,68.0,0.12,13.0,12.9,108.538
590.513,Plant,115.5,8.0,9.0,66.9,70.0,0.11,19.0,16.3,106.639
591.109,Plant,103.0,9.0,7.0,66.1,48.0,0.16,21.0,16.5,104.433
591.583,Plant,113.5,9.0,8.0,58.7,57.0,0.13,20.0,14.8,93.471
592.017,Plant,114.0,5.0,7.0,57.4,52.0,0.13,18.0,18.3,100.025
592.309,Plant,126.5,6.0,8.0,65.2,57.0,0.16,19.0,14.8,93.981
592.563,Plant,127.5,8.0,9.0,69.2,60.0,0.13,7.0,6.6,94.741
592.731,Plant,115.5,6.0,10.0,71.5,65.0,0.11,20.0,25.1,95.466
592.822,Plant,106.0,7.0,10.0,70.6,65.0,0.18,20.0,24.8,103.151
592.885,Plant,124.5,7.0,8.0,64.4,61.0,0.11,21.0,26.6,100.853
593.262,Plant,109.5,8.0,7.0,62.3,51.0,0.12,22.0,17.1,105.071
593.649,Plant,114.5,5.0,5.0,54.3,43.0,0.11,26.0,13.8,102.08
593.844,Plant,120.0,8.0,5.0,54.8,44.0,0.12,20.0,20.8,104.243
593.759,Plant,117.5,8.0,6.0,56.9,46.0,0.12,25.0,26.4,101.667
593.471,Plant,117.5,8.0,7.0,55.3,59.0,0.13,18.0,32.5,101.961
593.058,Plant,127.5,7.0,6.0,51.7,46.0,0.13,24.0,21.5,100.714
592.439,Plant,99.5,7.0,8.0,63.7,56.0,0.12,21.0,29.3,98.012
591.112,Plant,115.5,8.0,7.0,57.8,61.0,0.13,20.0,23.9,115.785
594.679,Plant,78.5,6.0,4.0,70.9,68.0,0.15,16.0,15.5,122.019
595.44,Plant,90.5,8.0,5.0,55.0,50.0,0.15,21.0,23.1,139.713
595.257,Plant,127.5,10.0,9.0,70.9,68.0,0.16,31.0,28.7,106.689
595.77,Plant,124.0,7.0,6.0,63.8,52.0,0.17,21.0,21.3,101.339
595.311,Plant,120.0,24.0,5.0,52.4,52.0,0.09,20.0,27.3,121.1
568.364,First Ratoon,85.0,10.0,6.0,52.4,54.0,0.25,14.0,9.4,78.189
569.248,First Ratoon,96.0,10.0,2.0,38.9,41.0,0.15,8.0,7.8,66.712
570.391,First Ratoon,101.5,12.0,3.0,53.6,42.0,0.22,11.0,9.2,75.892
569.427,First Ratoon,113.5,7.0,3.0,42.3,31.0,0.18,16.0,5.6,79.138
570.934,First Ratoon,125.0,12.0,3.0,53.6,42.0,0.22,11.0,9.2,84.4
570.126,First Ratoon,121.0,24.0,4.0,56.5,45.0,0.22,17.0,8.8,75.528
568.397,First Ratoon,76.0,20.0,4.0,70.9,55.0,0.3,27.0,8.4,83.043
570.782,First Ratoon,82.0,9.0,2.0,54.0,37.0,0.27,12.0,11.4,73.23
569.328,First Ratoon,105.5,9.0,4.0,51.5,44.0,0.12,10.0,24.0,85.724
570.963,First Ratoon,97.0,10.0,5.0,55.4,42.0,0.16,12.0,12.2,83.023
569.821,First Ratoon,83.5,12.0,4.0,57.4,46.0,0.16,13.0,23.6,83.635
571.868,First Ratoon,111.5,10.0,5.0,68.1,44.0,0.15,14.0,16.8,88.182
572.443,First Ratoon,101.5,12.0,6.0,68.1,57.0,0.08,13.0,16.6,86.925
573.093,First Ratoon,93.0,15.0,8.0,72.7,59.0,0.14,15.0,15.0,96.658
573.647,First Ratoon,93.5,11.0,10.0,80.6,62.0,0.12,16.0,12.4,93.714
573.969,First Ratoon,93.0,14.0,7.0,62.7,55.0,0.26,16.0,11.8,100.559
574.343,First Ratoon,111.0,14.0,4.0,59.4,41.0,0.14,16.0,12.2,93.005
574.487,First Ratoon,77.5,11.0,5.0,61.1,57.0,0.21,13.0,11.2,96.233
574.842,First Ratoon,59.5,11.0,5.0,56.1,57.0,0.08,13.0,11.4,100.791
575.254,First Ratoon,67.0,13.0,6.0,57.0,54.0,0.16,13.0,10.6,99.876
575.283,First Ratoon,83.5,15.0,5.0,56.6,54.0,0.1,15.0,15.4,100.988
575.549,First Ratoon,101.0,11.0,5.0,56.9,54.0,0.21,16.0,11.2,107.824
575.695,First Ratoon,118.0,23.0,5.0,65.0,48.0,0.32,19.0,16.4,102.017
575.637,First Ratoon,120.0,15.0,4.0,57.2,49.0,0.14,14.0,10.2,100.118
577.326,First Ratoon,61.5,3.0,3.0,47.7,50.0,0.27,12.0,2.4,102.869
576.768,First Ratoon,56.0,16.0,5.0,71.8,53.0,0.48,16.0,9.4,112.999
575.87,First Ratoon,70.0,17.0,7.0,85.0,58.0,0.23,28.0,13.8,97.954
575.56,First Ratoon,102.5,12.0,5.0,72.3,45.0,0.19,17.0,16.2,103.621
575.65,First Ratoon,85.5,10.0,6.0,65.8,50.0,0.21,14.0,15.2,97.494
575.97,First Ratoon,104.5,9.0,7.0,78.1,53.0,0.22,14.0,17.8,91.141
576.863,First Ratoon,92.0,24.0,7.0,80.6,49.0,0.25,16.0,15.8,108.996
577.833,First Ratoon,110.5,10.0,6.0,72.3,57.0,0.32,13.0,10.6,101.79
577.836,First Ratoon,92.0,35.0,6.0,65.6,51.0,0.12,12.0,11.8,96.595
577.852,First Ratoon,118.0,11.0,3.0,45.4,49.0,0.12,7.0,8.6,90.067
578.476,First Ratoon,100.5,5.0,2.0,37.7,47.0,0.3,8.0,2.4,91.179
578.653,First Ratoon,89.0,13.0,4.0,56.7,54.0,0.24,11.0,9.4,100.9
579.285,First Ratoon,91.5,9.0,4.0,56.2,54.0,0.2,12.0,9.4,93.775
579.621,First Ratoon,60.5,11.0,3.0,54.5,45.0,0.18,15.0,15.2,100.892
579.683,First Ratoon,81.0,26.0,4.0,52.9,49.0,0.18,12.0,12.4,101.018
578.145,First Ratoon,98.5,17.0,5.0,59.4,51.0,0.23,17.0,15.6,97.228
579.692,First Ratoon,107.0,13.0,3.0,54.1,37.0,0.18,14.0,20.4,98.428
578.708,First Ratoon,108.0,13.0,4.0,52.6,45.0,0.13,20.0,26.0,101.562
579.113,First Ratoon,132.5,23.0,5.0,57.4,51.0,0.13,16.0,19.6,111.016
579.271,First Ratoon,122.0,9.0,2.0,49.6,44.0,0.07,12.0,22.8,104.976
582.387,First Ratoon,63.5,13.0,3.0,55.1,49.0,0.12,14.0,7.4,105.02
581.753,First Ratoon,76.0,9.0,7.0,75.4,66.0,0.18,14.0,9.4,110.415
580.935,First Ratoon,83.0,12.0,5.0,66.1,61.0,0.17,11.0,11.0,111.826
580.56,First Ratoon,79.5,10.0,4.0,56.7,51.0,0.13,21.0,13.2,110.646
580.792,First Ratoon,83.5,13.0,5.0,52.7,47.0,0.68,14.0,10.0,108.022
581.37,First Ratoon,101.0,54.0,8.0,59.3,54.0,0.07,15.0,8.6,126.636
581.816,First Ratoon,100.5,8.0,8.0,73.0,64.0,0.18,13.0,10.6,110.696
582.327,First Ratoon,112.5,9.0,7.0,60.8,64.0,0.12,12.0,9.2,111.998
582.757,First Ratoon,103.0,10.0,8.0,62.7,65.0,0.09,13.0,14.8,108.058
583.397,First Ratoon,118.0,11.0,7.0,58.8,64.0,0.07,13.0,14.2,100.844
583.403,First Ratoon,118.5,12.0,7.0,58.4,66.0,0.13,15.0,17.2,102.203
583.5,First Ratoon,102.5,13.0,9.0,78.1,71.0,0.12,13.0,15.4,106.852
583.726,First Ratoon,83.0,15.0,7.0,58.2,66.0,0.16,18.0,16.8,111.259
584.373,First Ratoon,75.5,10.0,10.0,69.9,74.0,0.43,18.0,15.4,104.588
584.851,First Ratoon,92.0,26.0,7.0,62.3,55.0,0.27,17.0,17.0,106.208
584.875,First Ratoon,107.5,11.0,6.0,49.1,57.0,0.42,16.0,16.0,103.851
584.813,First Ratoon,116.0,11.0,7.0,56.9,65.0,0.31,14.0,21.4,102.53
584.903,First Ratoon,126.0,15.0,6.0,57.1,58.0,0.29,18.0,17.2,98.588
584.749,First Ratoon,107.5,26.0,5.0,57.9,48.0,0.24,18.0,17.0,94.345
583.832,First Ratoon,113.5,17.0,4.0,55.1,49.0,0.22,19.0,17.2,114.425
585.96,First Ratoon,63.0,4.0,5.0,43.7,63.0,0.28,11.0,4.8,81.809
585.494,First Ratoon,81.0,4.0,3.0,42.0,55.0,0.14,8.0,4.2,89.616
585.194,First Ratoon,76.5,3.0,4.0,47.5,58.0,0.19,9.0,4.2,92.27
585.61,First Ratoon,78.0,8.0,3.0,57.9,48.0,0.16,18.0,4.2,75.015
585.984,First Ratoon,99.188,5.0,6.0,58.9,61.0,0.22,14.0,4.4,83.928
586.707,First Ratoon,98.5,5.0,6.0,57.9,59.0,0.18,13.0,7.4,79.278
587.338,First Ratoon,110.5,6.0,5.0,78.0,67.0,0.17,14.0,8.8,89.243
587.727,First Ratoon,142.5,22.0,6.0,59.9,58.0,0.12,16.0,6.0,92.753
588.08,First Ratoon,141.5,6.0,6.0,54.1,54.0,0.14,13.0,3.8,92.45
588.162,First Ratoon,126.0,9.0,8.0,58.0,62.0,0.15,13.0,8.2,90.477
588.346,First Ratoon,106.0,14.0,7.0,67.4,64.0,0.35,14.0,8.2,91.017
588.438,First Ratoon,72.0,7.0,6.0,68.6,61.0,0.25,16.0,10.0,93.313
588.85,First Ratoon,113.0,7.0,5.0,59.8,55.0,0.18,15.0,7.0,94.632
589.133,First Ratoon,121.0,8.0,6.0,59.3,66.0,0.26,12.0,7.8,93.527
589.322,First Ratoon,133.0,6.0,5.0,60.9,54.0,0.19,14.0,6.4,99.069
589.332,First Ratoon,128.0,9.0,4.0,55.7,44.0,0.11,14.0,8.6,95.505
589.134,First Ratoon,142.0,10.0,6.0,58.5,52.0,0.3,17.0,14.4,92.679
588.921,First Ratoon,139.5,53.0,6.0,70.2,56.0,0.24,18.0,11.4,90.098
588.315,First Ratoon,119.5,7.0,6.0,68.2,55.0,0.21,16.0,9.2,93.826
589.757,First Ratoon,100.5,17.0,5.0,50.3,54.0,0.31,14.0,11.2,90.606
589.958,First Ratoon,101.5,11.0,5.0,57.0,63.0,0.25,14.0,9.8,85.856
590.513,First Ratoon,115.5,8.0,7.0,59.6,60.0,0.13,16.0,11.0,84.634
591.109,First Ratoon,103.0,11.0,7.0,60.7,57.0,0.22,14.0,11.4,88.465
591.583,First Ratoon,113.5,9.0,5.0,50.1,46.0,0.14,16.0,9.0,85.646
592.017,First Ratoon,114.0,10.0,8.0,62.4,62.0,0.24,15.0,14.8,80.362
592.309,First Ratoon,126.5,10.0,8.0,64.9,58.0,0.19,18.0,13.4,87.075
592.563,First Ratoon,127.5,13.0,10.0,72.3,72.0,0.24,17.0,17.8,87.085
592.731,First Ratoon,115.5,13.0,9.0,61.2,69.0,0.09,17.0,20.1,87.243
592.822,First Ratoon,106.0,19.0,8.0,53.7,63.0,0.16,16.0,18.1,84.138
592.885,First Ratoon,124.5,17.0,6.0,60.6,60.0,0.17,15.0,17.3,87.705
593.262,First Ratoon,109.5,12.0,4.0,55.5,46.0,0.3,17.0,11.2,89.88
593.649,First Ratoon,114.5,14.0,6.0,64.1,58.0,0.33,18.0,8.7,91.747
593.844,First Ratoon,120.0,30.0,6.0,45.4,49.0,0.41,16.0,17.3,94.043
593.759,First Ratoon,117.5,12.0,8.0,55.9,61.0,0.21,16.0,16.3,91.911
593.471,First Ratoon,117.5,23.0,7.0,60.6,72.0,0.19,17.0,14.4,93.229
593.058,First Ratoon,127.5,11.0,9.0,67.1,67.0,0.19,16.0,23.2,83.444
592.439,First Ratoon,99.5,11.0,8.0,66.8,72.0,0.31,15.0,20.8,83.045
591.112,First Ratoon,115.5,12.0,6.0,61.1,62.0,0.16,15.0,21.0,81.641
594.679,First Ratoon,78.5,14.0,5.0,47.9,60.0,0.2,16.0,16.1,97.242
595.44,First Ratoon,90.5,7.0,4.0,40.1,58.0,0.18,9.0,13.1,103.165
595.257,First Ratoon,127.5,9.0,6.0,48.8,63.0,0.25,13.0,17.7,99.399
595.77,First Ratoon,124.0,9.0,6.0,53.4,63.0,0.25,15.0,18.9,96.386
595.311,First Ratoon,120.0,15.0,5.0,52.9,55.0,0.11,17.0,27.8,90.348
568.364,Second Ratoon,85.0,6.0,5.0,50.5,50.0,0.53,10.0,6.3,59.545
569.248,Second Ratoon,96.0,6.0,4.0,47.9,54.0,0.46,9.0,8.3,64.034
570.391,Second Ratoon,101.5,7.0,4.0,51.4,46.0,0.43,13.0,11.1,64.135
569.427,Second Ratoon,113.5,10.0,2.0,45.6,25.0,0.38,16.0,8.2,69.26
570.934,Second Ratoon,125.0,42.0,6.0,64.6,47.0,0.38,17.0,6.9,70.37
570.126,Second Ratoon,121.0,11.0,4.0,63.2,46.0,0.42,16.0,5.0,66.569
568.397,Second Ratoon,76.0,12.0,2.0,66.6,44.0,0.69,23.0,7.1,72.243
570.782,Second Ratoon,82.0,38.0,5.0,64.9,43.0,0.5,16.0,10.0,67.045
569.328,Second Ratoon,105.5,6.0,4.0,65.6,50.0,0.69,12.0,12.0,63.61
570.963,Second Ratoon,97.0,8.0,4.0,70.3,45.0,0.62,13.0,13.3,61.726
569.821,Second Ratoon,83.5,5.8,6.2,59.3,53.4,0.554,12.2,12.7,59.764
571.868,Second Ratoon,111.5,6.0,8.0,73.7,51.0,0.73,11.0,12.2,53.048
572.443,Second Ratoon,101.5,130.0,8.0,79.1,56.0,0.79,17.0,18.4,46.791
573.093,Second Ratoon,93.0,8.0,4.0,59.6,41.0,0.8,16.0,12.7,50.708
573.647,Second Ratoon,93.5,8.0,9.0,85.4,59.0,0.98,16.0,10.8,51.341
573.969,Second Ratoon,93.0,7.0,7.0,70.1,40.0,0.96,22.0,14.7,51.502
574.343,Second Ratoon,111.0,8.0,4.0,69.1,51.0,0.8,13.0,6.9,54.375
574.487,Second Ratoon,77.5,6.0,7.0,74.7,61.0,1.22,13.0,9.2,55.05
574.842,Second Ratoon,59.5,10.0,5.0,62.8,51.0,0.87,23.0,6.5,48.661
575.254,Second Ratoon,67.0,9.0,4.0,59.0,42.0,0.59,15.0,8.9,51.673
575.283,Second Ratoon,83.5,7.0,7.0,73.6,58.0,0.78,18.0,12.2,60.453
575.549,Second Ratoon,101.0,9.0,4.0,61.8,42.0,0.77,15.0,9.7,53.885
575.695,Second Ratoon,118.0,13.0,6.0,67.8,54.0,0.85,16.0,7.8,60.068
575.637,Second Ratoon,120.0,7.0,5.0,39.4,54.0,0.38,13.0,11.9,50.075
577.326,Second Ratoon,61.5,19.0,4.0,64.9,48.0,0.93,14.0,5.6,67.188
576.768,Second Ratoon,56.0,7.0,3.0,43.2,51.0,0.48,14.0,6.1,70.632
575.87,Second Ratoon,70.0,12.0,6.0,48.8,53.0,0.43,23.0,10.4,58.765
575.56,Second Ratoon,102.5,9.0,7.0,48.8,55.0,0.52,17.0,12.7,61.445
575.65,Second Ratoon,85.5,5.0,5.0,46.2,52.0,0.29,16.0,13.9,59.016
575.97,Second Ratoon,104.5,4.0,9.0,54.0,65.0,0.57,9.0,10.7,60.838
576.863,Second Ratoon,92.0,6.0,5.0,52.3,54.0,0.56,12.0,13.4,66.053
577.833,Second Ratoon,110.5,6.0,9.0,53.2,62.0,0.48,9.0,8.2,62.246
577.836,Second Ratoon,92.0,36.0,6.0,59.3,49.0,0.87,15.0,11.4,60.427
577.852,Second Ratoon,118.0,39.0,3.0,51.3,45.0,0.74,10.0,7.2,56.038
578.476,Second Ratoon,100.5,9.0,5.0,42.9,53.0,0.4,8.0,9.5,61.687
578.653,Second Ratoon,89.0,9.5,6.875,63.15,59.375,0.721,13.0,11.163,64.073
579.285,Second Ratoon,91.5,12.0,5.0,39.9,55.0,0.42,13.0,11.9,63.943
579.621,Second Ratoon,60.5,6.0,4.0,37.0,51.0,0.58,14.0,6.1,58.044
579.683,Second Ratoon,81.0,24.0,6.0,41.4,61.0,0.49,10.0,10.8,58.395
578.145,Second Ratoon,98.5,48.0,5.0,65.3,57.0,0.65,25.0,17.9,56.663
579.692,Second Ratoon,107.0,14.625,5.625,59.15,52.125,0.703,17.0,12.863,62.584
578.708,Second Ratoon,108.0,13.0,3.0,42.5,44.0,0.55,11.0,10.1,56.362
579.113,Second Ratoon,132.5,53.0,3.0,41.9,43.0,0.46,14.0,11.5,57.775
579.271,Second Ratoon,122.0,28.0,3.0,51.9,44.0,0.59,13.0,7.3,56.156
582.387,Second Ratoon,63.5,14.25,3.75,58.55,51.5,0.715,13.75,5.375,64.707
581.753,Second Ratoon,76.0,24.0,6.0,74.4,65.0,0.96,15.0,5.9,59.322
580.935,Second Ratoon,83.0,9.0,4.0,47.5,62.0,0.66,10.0,8.9,61.589
580.56,Second Ratoon,79.5,9.0,5.0,46.7,57.0,0.57,15.0,7.3,62.411
580.792,Second Ratoon,83.5,20.0,4.0,62.0,53.0,0.9,14.0,7.4,56.986
581.37,Second Ratoon,101.0,14.0,9.0,75.9,64.0,0.55,13.0,9.0,58.64
581.816,Second Ratoon,100.5,7.0,9.0,54.9,69.0,0.67,17.0,9.9,60.921
582.327,Second Ratoon,112.5,7.0,7.0,51.3,61.0,0.73,12.0,10.7,58.799
582.757,Second Ratoon,103.0,9.0,7.0,54.1,52.0,0.65,12.0,10.3,56.533
583.397,Second Ratoon,118.0,7.0,7.0,48.4,71.0,0.46,9.0,11.4,57.822
583.403,Second Ratoon,118.5,13.0,9.0,54.4,74.0,0.64,10.0,11.7,60.366
583.5,Second Ratoon,102.5,9.0,12.0,103.5,77.0,0.82,12.0,12.4,64.829
583.726,Second Ratoon,83.0,12.0,6.0,50.6,64.0,0.51,13.0,13.0,55.226
584.373,Second Ratoon,75.5,18.0,5.0,42.0,45.0,0.41,14.0,13.7,56.308
584.851,Second Ratoon,92.0,15.0,10.0,65.2,69.0,1.01,14.0,14.4,58.495
584.875,Second Ratoon,107.5,10.0,6.0,56.0,52.0,0.7,17.0,14.1,59.727
584.813,Second Ratoon,116.0,9.0,5.0,38.7,53.0,0.5,17.0,17.1,61.235
584.903,Second Ratoon,126.0,8.0,9.0,67.5,57.0,0.82,17.0,14.0,56.509
584.749,Second Ratoon,107.5,10.0,7.0,65.9,59.0,0.81,17.0,11.4,62.367
583.832,Second Ratoon,113.5,12.0,9.0,52.1,73.0,0.5,9.0,14.4,66.227
585.96,Second Ratoon,63.0,7.0,2.0,51.7,42.0,0.49,12.0,3.9,54.257
585.494,Second Ratoon,81.0,20.0,7.0,44.5,69.0,0.49,12.0,8.1,61.907
585.194,Second Ratoon,76.5,5.0,5.0,57.2,60.0,0.84,12.0,6.4,56.452
585.61,Second Ratoon,78.0,11.25,5.75,57.388,54.875,0.718,13.75,6.8,52.57
585.984,Second Ratoon,99.188,16.0,12.0,75.5,70.0,0.77,15.0,7.2,56.479
586.707,Second Ratoon,98.5,6.0,7.0,64.1,58.0,0.84,16.0,11.8,48.465
587.338,Second Ratoon,110.5,6.0,8.0,80.0,63.0,0.72,21.0,19.1,51.6
587.727,Second Ratoon,142.5,33.0,10.0,75.6,63.0,0.8,17.0,13.5,53.272
588.08,Second Ratoon,141.5,48.0,12.0,81.8,67.0,0.99,21.0,15.0,56.595
588.162,Second Ratoon,126.0,14.0,8.0,54.4,69.0,0.37,15.0,11.0,52.879
588.346,Second Ratoon,106.0,22.0,6.0,45.1,65.0,0.46,13.0,12.5,47.02
588.438,Second Ratoon,72.0,16.0,7.0,59.4,55.0,0.58,18.0,19.9,58.552
588.85,Second Ratoon,113.0,13.0,7.0,50.7,64.0,0.5,14.0,14.4,51.839
589.133,Second Ratoon,121.0,10.0,9.0,52.3,67.0,0.57,12.0,14.8,57.501
589.322,Second Ratoon,133.0,78.0,7.0,49.4,64.0,0.5,15.0,16.0,54.358
589.332,Second Ratoon,128.0,55.0,3.0,40.2,43.0,0.41,14.0,8.9,57.725
589.134,Second Ratoon,142.0,19.0,6.0,46.6,59.0,0.5,16.0,20.1,56.444
588.921,Second Ratoon,139.5,13.0,8.0,59.5,65.0,1.14,17.0,15.2,55.856
588.315,Second Ratoon,119.5,10.0,8.0,55.8,59.0,0.5,11.0,18.6,47.864
589.757,Second Ratoon,100.5,30.0,4.0,48.0,52.0,0.73,11.0,6.5,55.844
589.958,Second Ratoon,101.5,7.0,2.0,37.3,41.0,0.59,17.0,5.1,57.888
590.513,Second Ratoon,115.5,9.0,5.0,53.4,51.0,0.7,10.0,2.7,61.164
591.109,Second Ratoon,103.0,10.0,4.0,51.1,43.0,0.82,14.0,9.3,62.008
591.583,Second Ratoon,113.5,6.0,8.0,58.6,49.0,0.66,19.0,10.6,60.946
592.017,Second Ratoon,114.0,6.0,6.0,54.9,45.0,0.64,18.0,13.4,57.719
592.309,Second Ratoon,126.5,36.0,5.0,55.6,46.0,0.76,19.0,14.3,60.772
592.563,Second Ratoon,127.5,9.0,10.0,78.5,64.0,0.68,16.0,14.5,55.705
592.731,Second Ratoon,115.5,49.0,12.0,74.8,68.0,1.11,18.0,12.6,55.586
592.822,Second Ratoon,106.0,22.0,8.0,61.8,58.0,0.78,16.0,7.1,60.578
592.885,Second Ratoon,124.5,21.0,6.0,46.8,64.0,0.75,13.0,12.9,58.312
593.262,Second Ratoon,109.5,6.0,6.0,71.1,58.0,0.84,19.0,8.8,62.316
593.649,Second Ratoon,114.5,33.0,10.0,77.3,69.0,0.68,17.0,8.0,59.724
593.844,Second Ratoon,120.0,6.0,8.0,78.5,59.0,0.52,15.0,14.2,58.432
593.759,Second Ratoon,117.5,14.0,6.0,45.1,58.0,0.47,15.0,11.3,59.345
593.471,Second Ratoon,117.5,11.0,11.0,79.8,70.0,0.73,15.0,15.0,55.542
593.058,Second Ratoon,127.5,53.0,7.0,60.6,54.0,0.63,10.0,9.8,56.617
592.439,Second Ratoon,99.5,27.0,8.0,69.9,59.0,0.7,12.0,14.3,59.246
591.112,Second Ratoon,115.5,51.0,9.0,56.1,73.0,0.56,12.0,17.2,52.643
594.679,Second Ratoon,78.5,22.0,6.0,45.7,67.0,0.49,11.0,13.4,59.058
595.44,Second Ratoon,90.5,14.0,3.0,27.8,50.0,0.41,10.0,12.8,62.396
595.257,Second Ratoon,127.5,38.0,3.0,33.3,55.0,0.53,11.0,9.6,61.384
595.77,Second Ratoon,124.0,13.0,6.0,37.8,60.0,0.52,11.0,10.0,60.468
595.311,Second Ratoon,120.0,9.0,6.0,41.5,64.0,0.46,11.0,18.9,57.889
639.3,Second Ratoon,72.0,22.0,5.0,51.0,41.0,0.23,72.0,3.5,96.842
636.5,Second Ratoon,79.0,44.0,8.0,53.9,67.0,0.72,38.0,5.7,97.616
638.9,Second Ratoon,96.5,58.0,12.0,59.5,70.0,0.53,30.0,6.1,95.711
639.2,Second Ratoon,69.0,53.0,9.0,49.6,64.0,0.43,28.0,5.4,90.228
640.2,Second Ratoon,73.0,30.0,11.0,53.9,72.0,0.63,31.0,5.6,97.246
641.3,Second Ratoon,61.5,30.0,9.0,54.8,65.0,0.64,44.0,5.3,101.084
640.5,Second Ratoon,85.5,31.0,11.0,60.5,70.0,0.61,52.0,6.4,90.52
641.3,Second Ratoon,72.0,31.0,13.0,60.8,70.0,0.58,35.0,6.2,102.733
642.3,Second Ratoon,75.0,26.0,8.0,54.6,60.0,0.49,62.0,5.5,104.96
639.4,Second Ratoon,80.0,42.0,10.0,58.8,68.0,1.17,40.0,5.8,99.309
641.6,Second Ratoon,104.0,37.0,14.0,59.0,75.0,0.64,28.0,4.8,95.518
642.8,Second Ratoon,113.5,151.0,10.0,70.2,76.0,0.66,26.0,5.6,99.376
641.3,Second Ratoon,93.0,27.0,9.0,61.1,62.0,0.64,92.0,5.9,98.584
640.2,Second Ratoon,86.0,30.0,9.0,63.8,62.0,0.53,56.0,5.0,91.996
638.2,Second Ratoon,93.0,22.0,12.0,64.8,69.0,0.52,52.0,4.9,95.943
638.2,Second Ratoon,72.5,27.0,10.0,58.6,66.0,0.46,38.0,5.2,90.288
638.2,Second Ratoon,81.0,21.0,7.0,55.4,57.0,0.37,46.0,3.7,91.049
638.1,Second Ratoon,82.5,25.0,7.0,57.6,51.0,0.33,64.0,6.2,85.395
638.2,Second Ratoon,101.5,27.0,7.0,53.7,57.0,0.53,50.0,4.3,79.979
638.7,Second Ratoon,91.0,37.0,8.0,55.5,64.0,0.51,46.0,5.4,77.661
637.2,Second Ratoon,93.0,22.0,8.0,55.6,57.0,0.3,64.0,5.5,79.686
639.3,Second Ratoon,105.0,23.0,11.0,52.9,62.0,0.56,44.0,6.0,81.258
638.0,Second Ratoon,87.5,20.0,8.0,55.7,55.0,0.32,54.0,4.8,80.688
637.5,Second Ratoon,75.5,32.0,8.0,50.6,57.0,0.53,52.0,5.6,78.227
636.5,Second Ratoon,77.5,28.0,9.0,52.6,62.0,0.53,20.0,5.7,76.483
637.4,Second Ratoon,71.5,41.0,9.0,56.6,56.0,0.43,26.0,4.3,67.498
639.3,Second Ratoon,76.5,36.0,8.0,46.5,55.0,0.59,58.0,5.1,79.827
639.7,Second Ratoon,80.0,29.0,7.0,61.6,58.0,0.51,46.0,3.4,93.482
639.7,Second Ratoon,85.5,34.0,10.0,50.6,58.0,0.46,35.0,5.9,85.047
640.5,Second Ratoon,77.0,28.0,7.0,53.5,50.0,0.32,64.0,5.4,89.261
640.7,Second Ratoon,90.5,23.0,9.0,64.6,55.0,0.47,50.0,3.3,91.647
640.5,Second Ratoon,91.0,18.0,9.0,53.9,54.0,0.5,50.0,5.0,84.077
639.7,Second Ratoon,82.0,21.0,6.0,58.6,44.0,0.34,56.0,4.0,82.279
640.3,Second Ratoon,86.0,36.0,8.0,69.4,54.0,0.43,54.0,5.3,87.878
640.2,Second Ratoon,69.5,52.0,10.0,65.5,65.0,0.43,22.0,5.7,90.707
639.8,Second Ratoon,85.5,50.0,8.0,68.6,59.0,0.57,56.0,5.4,91.806
639.3,Second Ratoon,82.0,49.0,11.0,70.8,58.0,0.4,50.0,4.2,93.033
639.3,Second Ratoon,97.5,39.0,9.0,70.8,62.0,0.38,62.0,5.3,94.077
638.6,Second Ratoon,110.0,41.0,10.0,65.0,62.0,0.6,66.0,5.9,95.614
638.5,Second Ratoon,114.5,33.0,16.0,62.0,73.0,0.76,21.0,5.0,92.103
638.3,Second Ratoon,92.0,56.0,19.0,79.9,79.0,0.68,23.0,4.5,93.291
638.5,Second Ratoon,85.5,27.0,8.0,55.6,60.0,0.39,56.0,3.4,95.113
639.2,Second Ratoon,86.5,37.0,10.0,61.4,67.0,0.44,46.0,4.0,95.383
638.1,Second Ratoon,75.0,55.0,10.0,60.4,69.0,0.49,34.0,5.7,96.848
638.4,Second Ratoon,66.0,45.0,13.0,62.6,71.0,0.36,50.0,5.3,99.804
637.7,Second Ratoon,83.5,42.0,10.0,61.8,68.0,0.5,52.0,3.9,93.082
636.7,Second Ratoon,76.0,35.0,10.0,51.8,69.0,0.7,29.0,5.1,99.511
637.2,Second Ratoon,75.0,48.0,11.0,53.7,65.0,0.57,50.0,4.1,97.135
637.1,Second Ratoon,79.0,39.0,11.0,63.7,69.0,0.84,40.0,5.0,87.607
639.3,Second Ratoon,68.5,29.0,12.0,53.8,72.0,0.79,29.0,3.7,93.971
639.8,Second Ratoon,72.5,32.0,11.0,55.6,68.0,0.76,48.0,4.9,93.548
640.3,Second Ratoon,71.5,39.0,10.0,54.4,60.0,0.58,56.0,3.6,93.775
640.3,Second Ratoon,80.5,34.0,11.0,59.7,66.0,0.6,56.0,5.4,96.428
641.7,Second Ratoon,97.0,42.0,9.0,62.6,65.0,0.72,3.0,4.6,98.052
639.6,Second Ratoon,87.0,32.0,10.0,63.5,62.0,0.64,62.0,3.8,89.369
640.3,Second Ratoon,107.0,53.0,10.0,67.9,60.0,0.64,70.0,7.4,94.591
640.8,Second Ratoon,94.5,75.0,7.0,66.6,55.0,0.75,88.0,5.9,91.857
639.7,Second Ratoon,108.0,21.0,10.0,67.6,59.0,0.6,58.0,5.1,89.501
639.0,Second Ratoon,93.0,37.0,19.0,94.3,76.0,0.97,58.0,5.2,81.744
639.7,Second Ratoon,101.5,29.0,8.0,60.7,56.0,0.85,40.0,3.5,91.266
639.1,Second Ratoon,72.0,36.0,8.0,59.6,56.0,0.5,72.0,6.4,87.089
639.4,Second Ratoon,97.0,35.0,8.0,62.6,57.0,0.45,68.0,5.6,87.379
639.1,Second Ratoon,109.5,26.0,9.0,62.9,57.0,0.24,38.0,4.6,89.491
638.7,Second Ratoon,103.0,50.0,12.0,72.6,66.0,0.5,56.0,4.9,86.157
639.3,Second Ratoon,98.0,21.0,7.0,54.4,54.0,0.48,50.0,2.5,86.664
638.8,Second Ratoon,86.0,20.0,9.0,62.5,60.0,0.38,44.0,2.5,81.252
639.7,Second Ratoon,96.5,34.0,5.0,51.7,56.0,0.51,50.0,3.4,79.154
640.3,Second Ratoon,98.5,21.0,6.0,52.7,54.0,0.29,36.0,2.6,77.025
637.7,Second Ratoon,80.0,17.0,13.0,60.6,69.0,0.23,19.0,3.7,86.28
638.0,Second Ratoon,85.0,21.0,8.0,54.4,56.0,0.38,48.0,4.5,97.427
637.0,Second Ratoon,106.5,18.0,9.0,55.7,59.0,0.52,56.0,3.4,112.627
636.2,Second Ratoon,99.5,17.0,8.0,59.4,55.0,0.38,54.0,3.1,92.87
637.5,Second Ratoon,104.0,26.0,5.0,55.7,53.0,0.31,40.0,3.4,99.859
637.5,Second Ratoon,101.0,23.0,10.0,68.8,55.0,0.73,76.0,7.2,101.383
636.9,Second Ratoon,61.0,26.0,8.0,62.6,62.0,0.85,52.0,4.2,96.951
636.6,Second Ratoon,91.0,44.0,9.0,66.7,54.0,0.76,58.0,4.4,94.655
636.1,Second Ratoon,121.5,22.0,8.0,59.8,52.0,0.62,66.0,5.4,94.701
637.0,Second Ratoon,125.0,30.0,8.0,61.3,56.0,0.79,66.0,4.2,110.263
635.8,Second Ratoon,115.0,27.0,8.0,69.0,46.0,0.74,60.0,3.1,100.279
636.0,Second Ratoon,105.5,131.0,11.0,82.3,61.0,0.85,66.0,9.4,99.355
635.2,Second Ratoon,101.0,36.0,12.0,67.1,63.0,0.71,66.0,4.8,99.956
634.7,Second Ratoon,89.0,77.0,15.0,76.8,74.0,1.09,52.0,5.1,108.361
631.0,Second Ratoon,92.0,54.0,16.0,64.8,66.0,0.79,50.0,4.0,106.994
633.0,Second Ratoon,82.0,33.0,9.0,60.8,56.0,0.92,62.0,4.1,104.018
636.5,Second Ratoon,81.0,74.0,15.0,66.7,72.0,1.0,27.0,5.6,100.928
638.7,Second Ratoon,128.5,599.0,24.0,106.4,82.0,0.73,70.0,6.8,97.326
643.0,Second Ratoon,96.5,47.0,11.0,61.2,61.0,0.8,46.0,4.9,100.285
642.5,Second Ratoon,96.5,43.0,11.0,66.7,61.0,0.94,50.0,4.4,101.065
645.0,Second Ratoon,100.0,51.0,15.0,63.0,65.0,0.85,32.0,5.9,101.373
645.6,Second Ratoon,97.5,32.0,9.0,61.8,56.0,0.7,72.0,4.3,100.899
643.5,Second Ratoon,102.5,39.0,9.0,62.7,55.0,0.62,60.0,3.2,101.119
647.3,Second Ratoon,86.0,39.0,8.0,57.9,55.0,0.66,70.0,3.4,99.518
645.7,Second Ratoon,74.5,43.0,10.0,57.5,58.0,0.6,27.0,4.1,95.403
645.9,Second Ratoon,79.5,35.0,12.0,62.6,70.0,0.97,52.0,4.9,103.42
646.0,Second Ratoon,93.0,30.0,9.0,57.8,57.0,0.6,21.0,3.1,101.33
643.3,Second Ratoon,87.0,25.0,10.0,59.6,58.0,0.91,64.0,4.2,97.269
643.0,Second Ratoon,79.5,43.0,16.0,63.8,73.0,0.77,25.0,3.8,89.335
644.0,Second Ratoon,94.0,42.0,15.0,55.2,67.0,0.77,14.0,4.2,97.887
642.9,Second Ratoon,83.5,25.0,9.0,55.7,61.0,0.59,17.0,4.9,93.999
642.1,Second Ratoon,85.5,26.0,5.0,54.6,43.0,0.57,26.0,2.0,93.806
641.3,Second Ratoon,87.5,42.0,6.0,63.8,45.0,0.48,76.0,4.5,94.034
642.8,Second Ratoon,105.5,42.0,8.0,56.8,45.0,0.55,58.0,5.2,98.483
643.0,Second Ratoon,99.0,43.0,12.0,65.0,62.0,0.5,54.0,4.3,100.636
643.5,Second Ratoon,112.0,50.0,12.0,66.0,61.0,0.58,21.0,4.7,96.594
644.4,Second Ratoon,99.5,30.0,11.0,59.8,63.0,0.87,38.0,4.6,78.883
643.2,Second Ratoon,106.5,27.0,8.0,55.7,53.0,0.49,38.0,1.8,91.839
639.3,Second Ratoon,99.5,34.0,10.0,62.0,56.0,0.49,46.0,4.2,75.542
639.2,Second Ratoon,88.5,24.0,12.0,56.8,58.0,0.28,40.0,4.0,94.496
640.0,Second Ratoon,98.5,41.0,14.0,66.1,67.0,0.63,29.0,6.1,88.773
638.0,Second Ratoon,72.5,39.0,9.0,60.8,56.0,0.45,56.0,3.3,97.384
638.0,Second Ratoon,92.5,26.0,7.0,57.2,53.0,0.39,60.0,3.5,98.388
637.0,Second Ratoon,81.5,50.0,8.0,67.3,48.0,0.52,68.0,4.5,93.386
639.3,Second Ratoon,75.0,23.0,9.0,62.1,53.0,0.39,40.0,2.8,92.516
636.0,Second Ratoon,115.0,92.0,12.0,70.9,75.0,0.6,48.0,4.4,57.93
638.0,Second Ratoon,88.5,46.0,10.0,62.1,68.0,0.55,48.0,3.6,72.339
637.0,Second Ratoon,85.0,66.0,11.0,92.1,77.0,0.56,34.0,4.3,52.014
634.0,Second Ratoon,86.5,144.0,12.0,75.9,78.0,0.57,86.0,5.4,76.746
639.3,Third Ratoon,72.0,8.0,5.0,45.7,50.0,0.1,40.0,2.0,37.909
636.5,Third Ratoon,79.0,31.0,10.0,58.8,71.0,0.1,62.0,4.2,45.681
638.9,Third Ratoon,96.5,17.0,11.0,55.7,71.0,0.11,36.0,4.0,47.784
639.2,Third Ratoon,69.0,29.0,12.0,67.0,73.0,0.27,66.0,5.0,52.309
640.2,Third Ratoon,73.0,29.0,15.0,67.9,79.0,0.23,37.0,3.8,45.945
641.3,Third Ratoon,61.5,30.0,12.0,68.3,72.0,0.16,58.0,4.6,46.232
640.5,Third Ratoon,85.5,42.0,12.0,66.4,73.0,0.1,70.0,4.6,38.075
641.3,Third Ratoon,72.0,26.0,14.0,71.6,75.0,0.17,56.0,3.8,55.311
642.3,Third Ratoon,75.0,8.0,11.0,65.5,69.0,0.15,88.0,5.4,57.297
639.4,Third Ratoon,80.0,46.0,11.0,68.7,72.0,0.14,76.0,3.8,56.646
641.6,Third Ratoon,104.0,43.0,14.0,63.8,73.0,0.13,35.0,2.6,61.2
642.8,Third Ratoon,113.5,217.0,14.0,84.2,82.0,0.15,60.0,5.4,60.192
641.3,Third Ratoon,93.0,13.0,9.0,56.8,70.0,0.12,52.0,2.4,57.941
640.2,Third Ratoon,86.0,41.0,9.0,69.1,64.0,0.45,94.0,3.8,67.957
638.2,Third Ratoon,93.0,34.0,11.0,61.2,66.0,0.1,50.0,4.2,49.605
638.2,Third Ratoon,72.5,26.0,10.0,59.1,68.0,0.49,46.0,3.4,51.233
638.2,Third Ratoon,81.0,22.0,11.0,59.7,66.0,0.31,46.0,2.8,54.297
638.1,Third Ratoon,82.5,24.0,8.0,56.7,59.0,0.13,64.0,3.0,54.304
638.2,Third Ratoon,101.5,59.0,8.0,52.8,56.0,0.13,52.0,3.8,52.503
638.7,Third Ratoon,91.0,28.0,10.0,62.4,68.0,0.1,60.0,4.0,55.049
637.2,Third Ratoon,93.0,32.0,8.0,56.6,58.0,0.1,56.0,2.4,46.033
639.3,Third Ratoon,105.0,27.0,13.0,64.7,74.0,0.14,54.0,4.0,51.999
638.0,Third Ratoon,87.5,12.0,8.0,50.2,60.0,0.12,39.0,3.0,52.86
637.5,Third Ratoon,75.5,25.0,12.0,62.7,70.0,0.23,54.0,4.2,54.78
636.5,Third Ratoon,77.5,13.0,8.0,49.1,63.0,0.13,44.0,2.2,52.895
637.4,Third Ratoon,71.5,32.0,9.0,54.8,67.0,0.12,52.0,4.6,58.975
639.3,Third Ratoon,76.5,38.0,9.0,59.6,66.0,0.11,56.0,3.6,46.37
639.7,Third Ratoon,80.0,35.0,9.0,56.8,65.0,0.13,54.0,4.0,48.448
639.7,Third Ratoon,85.5,39.0,13.0,71.8,78.0,0.15,46.0,4.6,50.516
640.5,Third Ratoon,77.0,63.0,8.0,55.7,61.0,0.12,86.0,4.2,51.174
640.7,Third Ratoon,90.5,24.0,8.0,55.7,61.0,0.11,60.0,3.0,54.781
640.5,Third Ratoon,91.0,23.0,11.0,64.9,63.0,0.13,58.0,3.8,51.973
639.7,Third Ratoon,82.0,29.0,7.0,57.9,53.0,0.14,64.0,4.0,42.751
640.3,Third Ratoon,86.0,80.0,8.0,58.5,56.0,0.17,60.0,3.0,40.893
640.2,Third Ratoon,69.5,53.0,13.0,65.5,69.0,0.11,44.0,5.0,42.571
639.8,Third Ratoon,85.5,61.0,8.0,65.7,62.0,0.12,70.0,3.8,38.253
639.3,Third Ratoon,82.0,46.0,9.0,62.2,60.0,0.18,50.0,3.8,37.121
639.3,Third Ratoon,97.5,35.0,9.0,59.0,61.0,0.53,62.0,5.2,38.869
638.6,Third Ratoon,110.0,32.0,12.0,65.5,71.0,0.47,39.0,3.2,49.98
638.5,Third Ratoon,114.5,55.0,15.0,75.3,76.0,0.13,62.0,5.8,52.847
638.3,Third Ratoon,92.0,55.0,8.0,69.7,68.0,0.1,54.0,4.8,44.228
638.5,Third Ratoon,85.5,31.0,8.0,58.7,64.0,0.09,68.0,4.0,52.548
639.2,Third Ratoon,86.5,53.0,10.0,60.9,69.0,0.28,62.0,4.6,42.7
638.1,Third Ratoon,75.0,59.0,11.0,57.6,69.0,0.13,70.0,5.0,51.11
638.4,Third Ratoon,66.0,43.0,11.0,58.5,71.0,0.36,42.0,4.2,51.12
637.7,Third Ratoon,83.5,48.0,10.0,60.9,74.0,0.15,54.0,3.2,40.435
636.7,Third Ratoon,76.0,47.0,14.0,64.8,78.0,0.19,34.0,3.4,41.673
637.2,Third Ratoon,75.0,70.0,12.0,64.9,75.0,0.16,56.0,3.8,43.567
637.1,Third Ratoon,79.0,51.0,11.0,60.6,70.0,0.16,39.0,2.8,51.315
639.3,Third Ratoon,68.5,29.0,15.0,66.0,76.0,0.22,42.0,2.8,83.428
639.8,Third Ratoon,72.5,30.0,14.0,64.9,75.0,0.19,60.0,3.6,73.546
640.3,Third Ratoon,71.5,46.0,10.0,55.5,69.0,0.15,70.0,4.0,71.093
640.3,Third Ratoon,80.5,28.0,16.0,66.7,78.0,0.15,42.0,4.0,70.845
641.7,Third Ratoon,97.0,49.0,15.0,73.8,77.0,0.18,74.0,4.2,63.468
639.6,Third Ratoon,87.0,28.0,10.0,60.0,68.0,0.29,60.0,2.4,63.013
640.3,Third Ratoon,107.0,42.0,8.0,56.3,61.0,0.14,98.0,7.8,63.539
640.8,Third Ratoon,94.5,72.0,7.0,59.2,56.0,0.19,130.0,5.6,64.161
639.7,Third Ratoon,108.0,28.0,13.0,75.5,68.0,0.21,88.0,5.8,62.126
639.0,Third Ratoon,93.0,41.0,12.0,67.7,70.0,0.21,66.0,4.4,63.268
639.7,Third Ratoon,101.5,34.0,10.0,65.2,66.0,0.18,64.0,4.4,67.003
639.1,Third Ratoon,72.0,61.0,11.0,71.7,71.0,0.18,62.0,4.0,72.201
639.4,Third Ratoon,97.0,58.0,10.0,72.9,73.0,0.14,74.0,4.8,70.591
639.1,Third Ratoon,109.5,26.0,9.0,59.5,65.0,0.28,58.0,2.6,67.383
638.7,Third Ratoon,103.0,46.0,10.0,63.0,65.0,0.33,72.0,4.4,72.94
639.3,Third Ratoon,98.0,21.0,7.0,57.7,64.0,0.19,56.0,2.8,66.153
638.8,Third Ratoon,86.0,15.0,6.0,50.7,53.0,0.18,54.0,2.4,71.552
639.7,Third Ratoon,96.5,49.0,10.0,60.6,69.0,0.21,68.0,4.2,75.08
640.3,Third Ratoon,98.5,23.0,7.0,55.7,62.0,0.13,48.0,2.4,76.143
637.7,Third Ratoon,80.0,16.0,12.0,58.4,67.0,0.21,44.0,2.8,61.73
638.0,Third Ratoon,85.0,18.0,10.0,57.7,64.0,0.16,52.0,3.2,64.692
637.0,Third Ratoon,106.5,18.0,8.0,55.6,59.0,0.21,72.0,3.4,64.729
636.2,Third Ratoon,99.5,20.0,7.0,55.6,57.0,0.27,70.0,3.2,64.274
637.5,Third Ratoon,104.0,27.0,7.0,61.4,53.0,0.17,74.0,3.8,75.514
637.5,Third Ratoon,101.0,20.0,6.0,50.7,53.0,0.21,78.0,3.0,67.969
636.9,Third Ratoon,61.0,30.0,11.0,65.6,66.0,0.28,56.0,3.4,66.023
636.6,Third Ratoon,91.0,45.0,7.0,59.1,56.0,0.17,74.0,4.2,66.286
636.1,Third Ratoon,121.5,17.0,6.0,59.6,50.0,0.14,76.0,4.0,69.396
637.0,Third Ratoon,125.0,32.0,9.0,74.4,62.0,0.19,86.0,4.0,60.717
635.8,Third Ratoon,115.0,28.0,7.0,60.9,52.0,0.16,80.0,4.2,57.072
636.0,Third Ratoon,105.5,124.0,7.0,67.9,57.0,0.15,116.0,5.4,63.008
635.2,Third Ratoon,101.0,33.0,10.0,59.5,63.0,0.17,50.0,3.2,71.102
634.7,Third Ratoon,89.0,116.0,20.0,88.2,81.0,0.22,60.0,5.2,62.627
631.0,Third Ratoon,92.0,55.0,14.0,70.6,75.0,0.17,54.0,4.0,74.302
633.0,Third Ratoon,82.0,52.0,9.0,65.8,70.0,0.32,80.0,4.4,67.57
636.5,Third Ratoon,81.0,128.0,13.0,71.8,75.0,0.26,1.0,4.4,56.695
638.7,Third Ratoon,128.5,469.0,24.0,109.7,86.0,0.23,78.0,6.0,72.921
643.0,Third Ratoon,96.5,50.0,14.0,73.7,77.0,0.16,54.0,3.6,67.068
642.5,Third Ratoon,96.5,78.0,9.0,65.7,65.0,0.16,74.0,4.0,56.242
645.0,Third Ratoon,100.0,50.0,13.0,74.6,72.0,0.29,110.0,4.0,62.78
645.6,Third Ratoon,97.5,76.0,8.0,70.7,66.0,0.22,48.0,7.6,68.143
643.5,Third Ratoon,102.5,32.0,8.0,66.0,55.0,0.18,70.0,2.0,66.699
647.3,Third Ratoon,86.0,31.0,8.0,63.8,62.0,0.21,70.0,3.0,65.777
645.7,Third Ratoon,74.5,37.0,9.0,62.6,63.0,0.17,56.0,3.4,74.929
645.9,Third Ratoon,79.5,25.0,9.0,60.0,62.0,0.19,66.0,4.4,64.749
646.0,Third Ratoon,93.0,38.0,11.0,67.7,68.0,0.28,56.0,2.8,76.537
643.3,Third Ratoon,87.0,61.0,12.0,82.4,68.0,0.26,84.0,6.4,65.453
643.0,Third Ratoon,79.5,71.0,21.0,87.6,83.0,0.23,31.0,4.6,81.702
644.0,Third Ratoon,94.0,51.0,13.0,75.9,72.0,0.42,54.0,3.2,74.288
642.9,Third Ratoon,83.5,33.0,9.0,68.7,67.0,0.41,72.0,4.2,69.12
642.1,Third Ratoon,85.5,33.0,6.0,54.8,58.0,0.18,104.0,4.2,69.41
641.3,Third Ratoon,87.5,41.0,8.0,71.7,61.0,0.22,102.0,4.6,59.023
642.8,Third Ratoon,105.5,52.0,9.0,73.6,66.0,0.22,64.0,3.8,66.092
643.0,Third Ratoon,99.0,32.0,16.0,80.9,74.0,0.2,64.0,4.0,63.286
643.5,Third Ratoon,112.0,81.0,17.0,88.9,75.0,0.32,84.0,7.0,62.668
644.4,Third Ratoon,99.5,52.0,14.0,78.9,72.0,0.21,64.0,3.4,58.127
643.2,Third Ratoon,106.5,39.0,11.0,77.4,68.0,0.18,78.0,2.8,56.513
639.3,Third Ratoon,99.5,62.0,13.0,78.9,67.0,0.24,70.0,4.6,73.077
639.2,Third Ratoon,88.5,57.0,11.0,73.7,65.0,0.23,90.0,4.0,70.068
640.0,Third Ratoon,98.5,70.0,16.0,89.0,78.0,0.27,64.0,5.4,73.184
638.0,Third Ratoon,72.5,58.0,10.0,72.7,64.0,0.17,78.0,3.2,73.629
638.0,Third Ratoon,92.5,56.0,8.0,61.6,63.0,0.17,60.0,3.0,75.643
637.0,Third Ratoon,81.5,44.0,7.0,63.7,56.0,0.23,28.0,4.4,72.872
639.3,Third Ratoon,75.0,42.0,6.0,57.6,51.0,0.19,56.0,2.2,84.553
636.0,Third Ratoon,115.0,62.0,11.0,66.6,70.0,0.22,18.0,3.0,80.377
638.0,Third Ratoon,88.5,155.0,11.0,76.0,74.0,0.17,32.0,5.0,63.457
637.0,Third Ratoon,85.0,119.0,13.0,84.3,76.0,0.32,76.0,4.0,78.154
634.0,Third Ratoon,86.5,75.0,9.0,72.8,68.0,0.21,64.0,3.0,66.514
